corrida,tiempo,algoritmo,densidad,resultado,p
0,0.7519,GS,0,"[0.5, 1.0]",0.5
1,0.0194,GS,0,"[0.5, 1.0]",0.5
2,0.0217,GS,0,"[0.5, 1.0]",0.5
3,0.0257,GS,0,"[0.5, 1.0]",0.5
4,0.0188,GS,0,"[0.5, 1.0]",0.5
5,0.0189,GS,0,"[0.5, 1.0]",0.5
6,0.0153,GS,0,"[0.5, 1.0]",0.5
7,0.0217,GS,0,"[0.5, 1.0]",0.5
8,0.0216,GS,0,"[0.5, 1.0]",0.5
9,0.0151,GS,0,"[0.5, 1.0]",0.5
0,0.0423,GS,18,"[0.5, 0.357143, 0.0357143, 0.0357143, 0.0357143, 0.0357143, 0.0357143, 0.0357143, 0.0357143, 0.0357143, 0.0357143, 0.0357143, 0.0357143, 0.0357143, 0.0357143, 0.0357143, 0.0357143, 0.0357143, 0.0357143, 0.0357143]",0.5
1,0.0433,GS,18,"[0.5, 0.357143, 0.0357143, 0.0357143, 0.0357143, 0.0357143, 0.0357143, 0.0357143, 0.0357143, 0.0357143, 0.0357143, 0.0357143, 0.0357143, 0.0357143, 0.0357143, 0.0357143, 0.0357143, 0.0357143, 0.0357143, 0.0357143]",0.5
2,0.0544,GS,18,"[0.5, 0.357143, 0.0357143, 0.0357143, 0.0357143, 0.0357143, 0.0357143, 0.0357143, 0.0357143, 0.0357143, 0.0357143, 0.0357143, 0.0357143, 0.0357143, 0.0357143, 0.0357143, 0.0357143, 0.0357143, 0.0357143, 0.0357143]",0.5
3,0.0421,GS,18,"[0.5, 0.357143, 0.0357143, 0.0357143, 0.0357143, 0.0357143, 0.0357143, 0.0357143, 0.0357143, 0.0357143, 0.0357143, 0.0357143, 0.0357143, 0.0357143, 0.0357143, 0.0357143, 0.0357143, 0.0357143, 0.0357143, 0.0357143]",0.5
4,0.0627,GS,18,"[0.5, 0.357143, 0.0357143, 0.0357143, 0.0357143, 0.0357143, 0.0357143, 0.0357143, 0.0357143, 0.0357143, 0.0357143, 0.0357143, 0.0357143, 0.0357143, 0.0357143, 0.0357143, 0.0357143, 0.0357143, 0.0357143, 0.0357143]",0.5
5,0.0674,GS,18,"[0.5, 0.357143, 0.0357143, 0.0357143, 0.0357143, 0.0357143, 0.0357143, 0.0357143, 0.0357143, 0.0357143, 0.0357143, 0.0357143, 0.0357143, 0.0357143, 0.0357143, 0.0357143, 0.0357143, 0.0357143, 0.0357143, 0.0357143]",0.5
6,0.0584,GS,18,"[0.5, 0.357143, 0.0357143, 0.0357143, 0.0357143, 0.0357143, 0.0357143, 0.0357143, 0.0357143, 0.0357143, 0.0357143, 0.0357143, 0.0357143, 0.0357143, 0.0357143, 0.0357143, 0.0357143, 0.0357143, 0.0357143, 0.0357143]",0.5
7,0.0561,GS,18,"[0.5, 0.357143, 0.0357143, 0.0357143, 0.0357143, 0.0357143, 0.0357143, 0.0357143, 0.0357143, 0.0357143, 0.0357143, 0.0357143, 0.0357143, 0.0357143, 0.0357143, 0.0357143, 0.0357143, 0.0357143, 0.0357143, 0.0357143]",0.5
8,0.0541,GS,18,"[0.5, 0.357143, 0.0357143, 0.0357143, 0.0357143, 0.0357143, 0.0357143, 0.0357143, 0.0357143, 0.0357143, 0.0357143, 0.0357143, 0.0357143, 0.0357143, 0.0357143, 0.0357143, 0.0357143, 0.0357143, 0.0357143, 0.0357143]",0.5
9,0.042,GS,18,"[0.5, 0.357143, 0.0357143, 0.0357143, 0.0357143, 0.0357143, 0.0357143, 0.0357143, 0.0357143, 0.0357143, 0.0357143, 0.0357143, 0.0357143, 0.0357143, 0.0357143, 0.0357143, 0.0357143, 0.0357143, 0.0357143, 0.0357143]",0.5
0,0.0984,GS,28,"[0.5, 0.348837, 0.0232558, 0.0232558, 0.0232558, 0.0232558, 0.0232558, 0.0232558, 0.0232558, 0.0232558, 0.0232558, 0.0232558, 0.0232558, 0.0232558, 0.0232558, 0.0232558, 0.0232558, 0.0232558, 0.0232558, 0.0232558, 0.0232558, 0.0232558, 0.0232558, 0.0232558, 0.0232558, 0.0232558, 0.0232558, 0.0232558, 0.0232558, 0.0232558]",0.5
1,0.0778,GS,28,"[0.5, 0.348837, 0.0232558, 0.0232558, 0.0232558, 0.0232558, 0.0232558, 0.0232558, 0.0232558, 0.0232558, 0.0232558, 0.0232558, 0.0232558, 0.0232558, 0.0232558, 0.0232558, 0.0232558, 0.0232558, 0.0232558, 0.0232558, 0.0232558, 0.0232558, 0.0232558, 0.0232558, 0.0232558, 0.0232558, 0.0232558, 0.0232558, 0.0232558, 0.0232558]",0.5
2,0.0775,GS,28,"[0.5, 0.348837, 0.0232558, 0.0232558, 0.0232558, 0.0232558, 0.0232558, 0.0232558, 0.0232558, 0.0232558, 0.0232558, 0.0232558, 0.0232558, 0.0232558, 0.0232558, 0.0232558, 0.0232558, 0.0232558, 0.0232558, 0.0232558, 0.0232558, 0.0232558, 0.0232558, 0.0232558, 0.0232558, 0.0232558, 0.0232558, 0.0232558, 0.0232558, 0.0232558]",0.5
3,0.0779,GS,28,"[0.5, 0.348837, 0.0232558, 0.0232558, 0.0232558, 0.0232558, 0.0232558, 0.0232558, 0.0232558, 0.0232558, 0.0232558, 0.0232558, 0.0232558, 0.0232558, 0.0232558, 0.0232558, 0.0232558, 0.0232558, 0.0232558, 0.0232558, 0.0232558, 0.0232558, 0.0232558, 0.0232558, 0.0232558, 0.0232558, 0.0232558, 0.0232558, 0.0232558, 0.0232558]",0.5
4,0.0777,GS,28,"[0.5, 0.348837, 0.0232558, 0.0232558, 0.0232558, 0.0232558, 0.0232558, 0.0232558, 0.0232558, 0.0232558, 0.0232558, 0.0232558, 0.0232558, 0.0232558, 0.0232558, 0.0232558, 0.0232558, 0.0232558, 0.0232558, 0.0232558, 0.0232558, 0.0232558, 0.0232558, 0.0232558, 0.0232558, 0.0232558, 0.0232558, 0.0232558, 0.0232558, 0.0232558]",0.5
5,0.1078,GS,28,"[0.5, 0.348837, 0.0232558, 0.0232558, 0.0232558, 0.0232558, 0.0232558, 0.0232558, 0.0232558, 0.0232558, 0.0232558, 0.0232558, 0.0232558, 0.0232558, 0.0232558, 0.0232558, 0.0232558, 0.0232558, 0.0232558, 0.0232558, 0.0232558, 0.0232558, 0.0232558, 0.0232558, 0.0232558, 0.0232558, 0.0232558, 0.0232558, 0.0232558, 0.0232558]",0.5
6,0.1125,GS,28,"[0.5, 0.348837, 0.0232558, 0.0232558, 0.0232558, 0.0232558, 0.0232558, 0.0232558, 0.0232558, 0.0232558, 0.0232558, 0.0232558, 0.0232558, 0.0232558, 0.0232558, 0.0232558, 0.0232558, 0.0232558, 0.0232558, 0.0232558, 0.0232558, 0.0232558, 0.0232558, 0.0232558, 0.0232558, 0.0232558, 0.0232558, 0.0232558, 0.0232558, 0.0232558]",0.5
7,0.1743,GS,28,"[0.5, 0.348837, 0.0232558, 0.0232558, 0.0232558, 0.0232558, 0.0232558, 0.0232558, 0.0232558, 0.0232558, 0.0232558, 0.0232558, 0.0232558, 0.0232558, 0.0232558, 0.0232558, 0.0232558, 0.0232558, 0.0232558, 0.0232558, 0.0232558, 0.0232558, 0.0232558, 0.0232558, 0.0232558, 0.0232558, 0.0232558, 0.0232558, 0.0232558, 0.0232558]",0.5
8,0.2057,GS,28,"[0.5, 0.348837, 0.0232558, 0.0232558, 0.0232558, 0.0232558, 0.0232558, 0.0232558, 0.0232558, 0.0232558, 0.0232558, 0.0232558, 0.0232558, 0.0232558, 0.0232558, 0.0232558, 0.0232558, 0.0232558, 0.0232558, 0.0232558, 0.0232558, 0.0232558, 0.0232558, 0.0232558, 0.0232558, 0.0232558, 0.0232558, 0.0232558, 0.0232558, 0.0232558]",0.5
9,0.1295,GS,28,"[0.5, 0.348837, 0.0232558, 0.0232558, 0.0232558, 0.0232558, 0.0232558, 0.0232558, 0.0232558, 0.0232558, 0.0232558, 0.0232558, 0.0232558, 0.0232558, 0.0232558, 0.0232558, 0.0232558, 0.0232558, 0.0232558, 0.0232558, 0.0232558, 0.0232558, 0.0232558, 0.0232558, 0.0232558, 0.0232558, 0.0232558, 0.0232558, 0.0232558, 0.0232558]",0.5
0,0.1639,GS,38,"[0.5, 0.344828, 0.0172414, 0.0172414, 0.0172414, 0.0172414, 0.0172414, 0.0172414, 0.0172414, 0.0172414, 0.0172414, 0.0172414, 0.0172414, 0.0172414, 0.0172414, 0.0172414, 0.0172414, 0.0172414, 0.0172414, 0.0172414, 0.0172414, 0.0172414, 0.0172414, 0.0172414, 0.0172414, 0.0172414, 0.0172414, 0.0172414, 0.0172414, 0.0172414, 0.0172414, 0.0172414, 0.0172414, 0.0172414, 0.0172414, 0.0172414, 0.0172414, 0.0172414, 0.0172414, 0.0172414]",0.5
1,0.277,GS,38,"[0.5, 0.344828, 0.0172414, 0.0172414, 0.0172414, 0.0172414, 0.0172414, 0.0172414, 0.0172414, 0.0172414, 0.0172414, 0.0172414, 0.0172414, 0.0172414, 0.0172414, 0.0172414, 0.0172414, 0.0172414, 0.0172414, 0.0172414, 0.0172414, 0.0172414, 0.0172414, 0.0172414, 0.0172414, 0.0172414, 0.0172414, 0.0172414, 0.0172414, 0.0172414, 0.0172414, 0.0172414, 0.0172414, 0.0172414, 0.0172414, 0.0172414, 0.0172414, 0.0172414, 0.0172414, 0.0172414]",0.5
2,0.1904,GS,38,"[0.5, 0.344828, 0.0172414, 0.0172414, 0.0172414, 0.0172414, 0.0172414, 0.0172414, 0.0172414, 0.0172414, 0.0172414, 0.0172414, 0.0172414, 0.0172414, 0.0172414, 0.0172414, 0.0172414, 0.0172414, 0.0172414, 0.0172414, 0.0172414, 0.0172414, 0.0172414, 0.0172414, 0.0172414, 0.0172414, 0.0172414, 0.0172414, 0.0172414, 0.0172414, 0.0172414, 0.0172414, 0.0172414, 0.0172414, 0.0172414, 0.0172414, 0.0172414, 0.0172414, 0.0172414, 0.0172414]",0.5
3,0.3166,GS,38,"[0.5, 0.344828, 0.0172414, 0.0172414, 0.0172414, 0.0172414, 0.0172414, 0.0172414, 0.0172414, 0.0172414, 0.0172414, 0.0172414, 0.0172414, 0.0172414, 0.0172414, 0.0172414, 0.0172414, 0.0172414, 0.0172414, 0.0172414, 0.0172414, 0.0172414, 0.0172414, 0.0172414, 0.0172414, 0.0172414, 0.0172414, 0.0172414, 0.0172414, 0.0172414, 0.0172414, 0.0172414, 0.0172414, 0.0172414, 0.0172414, 0.0172414, 0.0172414, 0.0172414, 0.0172414, 0.0172414]",0.5
4,0.182,GS,38,"[0.5, 0.344828, 0.0172414, 0.0172414, 0.0172414, 0.0172414, 0.0172414, 0.0172414, 0.0172414, 0.0172414, 0.0172414, 0.0172414, 0.0172414, 0.0172414, 0.0172414, 0.0172414, 0.0172414, 0.0172414, 0.0172414, 0.0172414, 0.0172414, 0.0172414, 0.0172414, 0.0172414, 0.0172414, 0.0172414, 0.0172414, 0.0172414, 0.0172414, 0.0172414, 0.0172414, 0.0172414, 0.0172414, 0.0172414, 0.0172414, 0.0172414, 0.0172414, 0.0172414, 0.0172414, 0.0172414]",0.5
5,0.6165,GS,38,"[0.5, 0.344828, 0.0172414, 0.0172414, 0.0172414, 0.0172414, 0.0172414, 0.0172414, 0.0172414, 0.0172414, 0.0172414, 0.0172414, 0.0172414, 0.0172414, 0.0172414, 0.0172414, 0.0172414, 0.0172414, 0.0172414, 0.0172414, 0.0172414, 0.0172414, 0.0172414, 0.0172414, 0.0172414, 0.0172414, 0.0172414, 0.0172414, 0.0172414, 0.0172414, 0.0172414, 0.0172414, 0.0172414, 0.0172414, 0.0172414, 0.0172414, 0.0172414, 0.0172414, 0.0172414, 0.0172414]",0.5
6,0.6543,GS,38,"[0.5, 0.344828, 0.0172414, 0.0172414, 0.0172414, 0.0172414, 0.0172414, 0.0172414, 0.0172414, 0.0172414, 0.0172414, 0.0172414, 0.0172414, 0.0172414, 0.0172414, 0.0172414, 0.0172414, 0.0172414, 0.0172414, 0.0172414, 0.0172414, 0.0172414, 0.0172414, 0.0172414, 0.0172414, 0.0172414, 0.0172414, 0.0172414, 0.0172414, 0.0172414, 0.0172414, 0.0172414, 0.0172414, 0.0172414, 0.0172414, 0.0172414, 0.0172414, 0.0172414, 0.0172414, 0.0172414]",0.5
7,0.1812,GS,38,"[0.5, 0.344828, 0.0172414, 0.0172414, 0.0172414, 0.0172414, 0.0172414, 0.0172414, 0.0172414, 0.0172414, 0.0172414, 0.0172414, 0.0172414, 0.0172414, 0.0172414, 0.0172414, 0.0172414, 0.0172414, 0.0172414, 0.0172414, 0.0172414, 0.0172414, 0.0172414, 0.0172414, 0.0172414, 0.0172414, 0.0172414, 0.0172414, 0.0172414, 0.0172414, 0.0172414, 0.0172414, 0.0172414, 0.0172414, 0.0172414, 0.0172414, 0.0172414, 0.0172414, 0.0172414, 0.0172414]",0.5
8,0.3045,GS,38,"[0.5, 0.344828, 0.0172414, 0.0172414, 0.0172414, 0.0172414, 0.0172414, 0.0172414, 0.0172414, 0.0172414, 0.0172414, 0.0172414, 0.0172414, 0.0172414, 0.0172414, 0.0172414, 0.0172414, 0.0172414, 0.0172414, 0.0172414, 0.0172414, 0.0172414, 0.0172414, 0.0172414, 0.0172414, 0.0172414, 0.0172414, 0.0172414, 0.0172414, 0.0172414, 0.0172414, 0.0172414, 0.0172414, 0.0172414, 0.0172414, 0.0172414, 0.0172414, 0.0172414, 0.0172414, 0.0172414]",0.5
9,0.1432,GS,38,"[0.5, 0.344828, 0.0172414, 0.0172414, 0.0172414, 0.0172414, 0.0172414, 0.0172414, 0.0172414, 0.0172414, 0.0172414, 0.0172414, 0.0172414, 0.0172414, 0.0172414, 0.0172414, 0.0172414, 0.0172414, 0.0172414, 0.0172414, 0.0172414, 0.0172414, 0.0172414, 0.0172414, 0.0172414, 0.0172414, 0.0172414, 0.0172414, 0.0172414, 0.0172414, 0.0172414, 0.0172414, 0.0172414, 0.0172414, 0.0172414, 0.0172414, 0.0172414, 0.0172414, 0.0172414, 0.0172414]",0.5
0,0.3146,GS,48,"[0.5, 0.342466, 0.0136986, 0.0136986, 0.0136986, 0.0136986, 0.0136986, 0.0136986, 0.0136986, 0.0136986, 0.0136986, 0.0136986, 0.0136986, 0.0136986, 0.0136986, 0.0136986, 0.0136986, 0.0136986, 0.0136986, 0.0136986, 0.0136986, 0.0136986, 0.0136986, 0.0136986, 0.0136986, 0.0136986, 0.0136986, 0.0136986, 0.0136986, 0.0136986, 0.0136986, 0.0136986, 0.0136986, 0.0136986, 0.0136986, 0.0136986, 0.0136986, 0.0136986, 0.0136986, 0.0136986, 0.0136986, 0.0136986, 0.0136986, 0.0136986, 0.0136986, 0.0136986, 0.0136986, 0.0136986, 0.0136986, 0.0136986]",0.5
1,0.3135,GS,48,"[0.5, 0.342466, 0.0136986, 0.0136986, 0.0136986, 0.0136986, 0.0136986, 0.0136986, 0.0136986, 0.0136986, 0.0136986, 0.0136986, 0.0136986, 0.0136986, 0.0136986, 0.0136986, 0.0136986, 0.0136986, 0.0136986, 0.0136986, 0.0136986, 0.0136986, 0.0136986, 0.0136986, 0.0136986, 0.0136986, 0.0136986, 0.0136986, 0.0136986, 0.0136986, 0.0136986, 0.0136986, 0.0136986, 0.0136986, 0.0136986, 0.0136986, 0.0136986, 0.0136986, 0.0136986, 0.0136986, 0.0136986, 0.0136986, 0.0136986, 0.0136986, 0.0136986, 0.0136986, 0.0136986, 0.0136986, 0.0136986, 0.0136986]",0.5
2,0.2759,GS,48,"[0.5, 0.342466, 0.0136986, 0.0136986, 0.0136986, 0.0136986, 0.0136986, 0.0136986, 0.0136986, 0.0136986, 0.0136986, 0.0136986, 0.0136986, 0.0136986, 0.0136986, 0.0136986, 0.0136986, 0.0136986, 0.0136986, 0.0136986, 0.0136986, 0.0136986, 0.0136986, 0.0136986, 0.0136986, 0.0136986, 0.0136986, 0.0136986, 0.0136986, 0.0136986, 0.0136986, 0.0136986, 0.0136986, 0.0136986, 0.0136986, 0.0136986, 0.0136986, 0.0136986, 0.0136986, 0.0136986, 0.0136986, 0.0136986, 0.0136986, 0.0136986, 0.0136986, 0.0136986, 0.0136986, 0.0136986, 0.0136986, 0.0136986]",0.5
3,0.4247,GS,48,"[0.5, 0.342466, 0.0136986, 0.0136986, 0.0136986, 0.0136986, 0.0136986, 0.0136986, 0.0136986, 0.0136986, 0.0136986, 0.0136986, 0.0136986, 0.0136986, 0.0136986, 0.0136986, 0.0136986, 0.0136986, 0.0136986, 0.0136986, 0.0136986, 0.0136986, 0.0136986, 0.0136986, 0.0136986, 0.0136986, 0.0136986, 0.0136986, 0.0136986, 0.0136986, 0.0136986, 0.0136986, 0.0136986, 0.0136986, 0.0136986, 0.0136986, 0.0136986, 0.0136986, 0.0136986, 0.0136986, 0.0136986, 0.0136986, 0.0136986, 0.0136986, 0.0136986, 0.0136986, 0.0136986, 0.0136986, 0.0136986, 0.0136986]",0.5
4,0.3071,GS,48,"[0.5, 0.342466, 0.0136986, 0.0136986, 0.0136986, 0.0136986, 0.0136986, 0.0136986, 0.0136986, 0.0136986, 0.0136986, 0.0136986, 0.0136986, 0.0136986, 0.0136986, 0.0136986, 0.0136986, 0.0136986, 0.0136986, 0.0136986, 0.0136986, 0.0136986, 0.0136986, 0.0136986, 0.0136986, 0.0136986, 0.0136986, 0.0136986, 0.0136986, 0.0136986, 0.0136986, 0.0136986, 0.0136986, 0.0136986, 0.0136986, 0.0136986, 0.0136986, 0.0136986, 0.0136986, 0.0136986, 0.0136986, 0.0136986, 0.0136986, 0.0136986, 0.0136986, 0.0136986, 0.0136986, 0.0136986, 0.0136986, 0.0136986]",0.5
5,0.2212,GS,48,"[0.5, 0.342466, 0.0136986, 0.0136986, 0.0136986, 0.0136986, 0.0136986, 0.0136986, 0.0136986, 0.0136986, 0.0136986, 0.0136986, 0.0136986, 0.0136986, 0.0136986, 0.0136986, 0.0136986, 0.0136986, 0.0136986, 0.0136986, 0.0136986, 0.0136986, 0.0136986, 0.0136986, 0.0136986, 0.0136986, 0.0136986, 0.0136986, 0.0136986, 0.0136986, 0.0136986, 0.0136986, 0.0136986, 0.0136986, 0.0136986, 0.0136986, 0.0136986, 0.0136986, 0.0136986, 0.0136986, 0.0136986, 0.0136986, 0.0136986, 0.0136986, 0.0136986, 0.0136986, 0.0136986, 0.0136986, 0.0136986, 0.0136986]",0.5
6,0.5373,GS,48,"[0.5, 0.342466, 0.0136986, 0.0136986, 0.0136986, 0.0136986, 0.0136986, 0.0136986, 0.0136986, 0.0136986, 0.0136986, 0.0136986, 0.0136986, 0.0136986, 0.0136986, 0.0136986, 0.0136986, 0.0136986, 0.0136986, 0.0136986, 0.0136986, 0.0136986, 0.0136986, 0.0136986, 0.0136986, 0.0136986, 0.0136986, 0.0136986, 0.0136986, 0.0136986, 0.0136986, 0.0136986, 0.0136986, 0.0136986, 0.0136986, 0.0136986, 0.0136986, 0.0136986, 0.0136986, 0.0136986, 0.0136986, 0.0136986, 0.0136986, 0.0136986, 0.0136986, 0.0136986, 0.0136986, 0.0136986, 0.0136986, 0.0136986]",0.5
7,0.3263,GS,48,"[0.5, 0.342466, 0.0136986, 0.0136986, 0.0136986, 0.0136986, 0.0136986, 0.0136986, 0.0136986, 0.0136986, 0.0136986, 0.0136986, 0.0136986, 0.0136986, 0.0136986, 0.0136986, 0.0136986, 0.0136986, 0.0136986, 0.0136986, 0.0136986, 0.0136986, 0.0136986, 0.0136986, 0.0136986, 0.0136986, 0.0136986, 0.0136986, 0.0136986, 0.0136986, 0.0136986, 0.0136986, 0.0136986, 0.0136986, 0.0136986, 0.0136986, 0.0136986, 0.0136986, 0.0136986, 0.0136986, 0.0136986, 0.0136986, 0.0136986, 0.0136986, 0.0136986, 0.0136986, 0.0136986, 0.0136986, 0.0136986, 0.0136986]",0.5
8,0.9784,GS,48,"[0.5, 0.342466, 0.0136986, 0.0136986, 0.0136986, 0.0136986, 0.0136986, 0.0136986, 0.0136986, 0.0136986, 0.0136986, 0.0136986, 0.0136986, 0.0136986, 0.0136986, 0.0136986, 0.0136986, 0.0136986, 0.0136986, 0.0136986, 0.0136986, 0.0136986, 0.0136986, 0.0136986, 0.0136986, 0.0136986, 0.0136986, 0.0136986, 0.0136986, 0.0136986, 0.0136986, 0.0136986, 0.0136986, 0.0136986, 0.0136986, 0.0136986, 0.0136986, 0.0136986, 0.0136986, 0.0136986, 0.0136986, 0.0136986, 0.0136986, 0.0136986, 0.0136986, 0.0136986, 0.0136986, 0.0136986, 0.0136986, 0.0136986]",0.5
9,0.3327,GS,48,"[0.5, 0.342466, 0.0136986, 0.0136986, 0.0136986, 0.0136986, 0.0136986, 0.0136986, 0.0136986, 0.0136986, 0.0136986, 0.0136986, 0.0136986, 0.0136986, 0.0136986, 0.0136986, 0.0136986, 0.0136986, 0.0136986, 0.0136986, 0.0136986, 0.0136986, 0.0136986, 0.0136986, 0.0136986, 0.0136986, 0.0136986, 0.0136986, 0.0136986, 0.0136986, 0.0136986, 0.0136986, 0.0136986, 0.0136986, 0.0136986, 0.0136986, 0.0136986, 0.0136986, 0.0136986, 0.0136986, 0.0136986, 0.0136986, 0.0136986, 0.0136986, 0.0136986, 0.0136986, 0.0136986, 0.0136986, 0.0136986, 0.0136986]",0.5
0,0.7536,GS,58,"[0.5, 0.340909, 0.0113636, 0.0113636, 0.0113636, 0.0113636, 0.0113636, 0.0113636, 0.0113636, 0.0113636, 0.0113636, 0.0113636, 0.0113636, 0.0113636, 0.0113636, 0.0113636, 0.0113636, 0.0113636, 0.0113636, 0.0113636, 0.0113636, 0.0113636, 0.0113636, 0.0113636, 0.0113636, 0.0113636, 0.0113636, 0.0113636, 0.0113636, 0.0113636, 0.0113636, 0.0113636, 0.0113636, 0.0113636, 0.0113636, 0.0113636, 0.0113636, 0.0113636, 0.0113636, 0.0113636, 0.0113636, 0.0113636, 0.0113636, 0.0113636, 0.0113636, 0.0113636, 0.0113636, 0.0113636, 0.0113636, 0.0113636, 0.0113636, 0.0113636, 0.0113636, 0.0113636, 0.0113636, 0.0113636, 0.0113636, 0.0113636, 0.0113636, 0.0113636]",0.5
1,0.464,GS,58,"[0.5, 0.340909, 0.0113636, 0.0113636, 0.0113636, 0.0113636, 0.0113636, 0.0113636, 0.0113636, 0.0113636, 0.0113636, 0.0113636, 0.0113636, 0.0113636, 0.0113636, 0.0113636, 0.0113636, 0.0113636, 0.0113636, 0.0113636, 0.0113636, 0.0113636, 0.0113636, 0.0113636, 0.0113636, 0.0113636, 0.0113636, 0.0113636, 0.0113636, 0.0113636, 0.0113636, 0.0113636, 0.0113636, 0.0113636, 0.0113636, 0.0113636, 0.0113636, 0.0113636, 0.0113636, 0.0113636, 0.0113636, 0.0113636, 0.0113636, 0.0113636, 0.0113636, 0.0113636, 0.0113636, 0.0113636, 0.0113636, 0.0113636, 0.0113636, 0.0113636, 0.0113636, 0.0113636, 0.0113636, 0.0113636, 0.0113636, 0.0113636, 0.0113636, 0.0113636]",0.5
2,0.453,GS,58,"[0.5, 0.340909, 0.0113636, 0.0113636, 0.0113636, 0.0113636, 0.0113636, 0.0113636, 0.0113636, 0.0113636, 0.0113636, 0.0113636, 0.0113636, 0.0113636, 0.0113636, 0.0113636, 0.0113636, 0.0113636, 0.0113636, 0.0113636, 0.0113636, 0.0113636, 0.0113636, 0.0113636, 0.0113636, 0.0113636, 0.0113636, 0.0113636, 0.0113636, 0.0113636, 0.0113636, 0.0113636, 0.0113636, 0.0113636, 0.0113636, 0.0113636, 0.0113636, 0.0113636, 0.0113636, 0.0113636, 0.0113636, 0.0113636, 0.0113636, 0.0113636, 0.0113636, 0.0113636, 0.0113636, 0.0113636, 0.0113636, 0.0113636, 0.0113636, 0.0113636, 0.0113636, 0.0113636, 0.0113636, 0.0113636, 0.0113636, 0.0113636, 0.0113636, 0.0113636]",0.5
3,0.5893,GS,58,"[0.5, 0.340909, 0.0113636, 0.0113636, 0.0113636, 0.0113636, 0.0113636, 0.0113636, 0.0113636, 0.0113636, 0.0113636, 0.0113636, 0.0113636, 0.0113636, 0.0113636, 0.0113636, 0.0113636, 0.0113636, 0.0113636, 0.0113636, 0.0113636, 0.0113636, 0.0113636, 0.0113636, 0.0113636, 0.0113636, 0.0113636, 0.0113636, 0.0113636, 0.0113636, 0.0113636, 0.0113636, 0.0113636, 0.0113636, 0.0113636, 0.0113636, 0.0113636, 0.0113636, 0.0113636, 0.0113636, 0.0113636, 0.0113636, 0.0113636, 0.0113636, 0.0113636, 0.0113636, 0.0113636, 0.0113636, 0.0113636, 0.0113636, 0.0113636, 0.0113636, 0.0113636, 0.0113636, 0.0113636, 0.0113636, 0.0113636, 0.0113636, 0.0113636, 0.0113636]",0.5
4,0.5036,GS,58,"[0.5, 0.340909, 0.0113636, 0.0113636, 0.0113636, 0.0113636, 0.0113636, 0.0113636, 0.0113636, 0.0113636, 0.0113636, 0.0113636, 0.0113636, 0.0113636, 0.0113636, 0.0113636, 0.0113636, 0.0113636, 0.0113636, 0.0113636, 0.0113636, 0.0113636, 0.0113636, 0.0113636, 0.0113636, 0.0113636, 0.0113636, 0.0113636, 0.0113636, 0.0113636, 0.0113636, 0.0113636, 0.0113636, 0.0113636, 0.0113636, 0.0113636, 0.0113636, 0.0113636, 0.0113636, 0.0113636, 0.0113636, 0.0113636, 0.0113636, 0.0113636, 0.0113636, 0.0113636, 0.0113636, 0.0113636, 0.0113636, 0.0113636, 0.0113636, 0.0113636, 0.0113636, 0.0113636, 0.0113636, 0.0113636, 0.0113636, 0.0113636, 0.0113636, 0.0113636]",0.5
5,0.4564,GS,58,"[0.5, 0.340909, 0.0113636, 0.0113636, 0.0113636, 0.0113636, 0.0113636, 0.0113636, 0.0113636, 0.0113636, 0.0113636, 0.0113636, 0.0113636, 0.0113636, 0.0113636, 0.0113636, 0.0113636, 0.0113636, 0.0113636, 0.0113636, 0.0113636, 0.0113636, 0.0113636, 0.0113636, 0.0113636, 0.0113636, 0.0113636, 0.0113636, 0.0113636, 0.0113636, 0.0113636, 0.0113636, 0.0113636, 0.0113636, 0.0113636, 0.0113636, 0.0113636, 0.0113636, 0.0113636, 0.0113636, 0.0113636, 0.0113636, 0.0113636, 0.0113636, 0.0113636, 0.0113636, 0.0113636, 0.0113636, 0.0113636, 0.0113636, 0.0113636, 0.0113636, 0.0113636, 0.0113636, 0.0113636, 0.0113636, 0.0113636, 0.0113636, 0.0113636, 0.0113636]",0.5
6,0.4652,GS,58,"[0.5, 0.340909, 0.0113636, 0.0113636, 0.0113636, 0.0113636, 0.0113636, 0.0113636, 0.0113636, 0.0113636, 0.0113636, 0.0113636, 0.0113636, 0.0113636, 0.0113636, 0.0113636, 0.0113636, 0.0113636, 0.0113636, 0.0113636, 0.0113636, 0.0113636, 0.0113636, 0.0113636, 0.0113636, 0.0113636, 0.0113636, 0.0113636, 0.0113636, 0.0113636, 0.0113636, 0.0113636, 0.0113636, 0.0113636, 0.0113636, 0.0113636, 0.0113636, 0.0113636, 0.0113636, 0.0113636, 0.0113636, 0.0113636, 0.0113636, 0.0113636, 0.0113636, 0.0113636, 0.0113636, 0.0113636, 0.0113636, 0.0113636, 0.0113636, 0.0113636, 0.0113636, 0.0113636, 0.0113636, 0.0113636, 0.0113636, 0.0113636, 0.0113636, 0.0113636]",0.5
7,0.4276,GS,58,"[0.5, 0.340909, 0.0113636, 0.0113636, 0.0113636, 0.0113636, 0.0113636, 0.0113636, 0.0113636, 0.0113636, 0.0113636, 0.0113636, 0.0113636, 0.0113636, 0.0113636, 0.0113636, 0.0113636, 0.0113636, 0.0113636, 0.0113636, 0.0113636, 0.0113636, 0.0113636, 0.0113636, 0.0113636, 0.0113636, 0.0113636, 0.0113636, 0.0113636, 0.0113636, 0.0113636, 0.0113636, 0.0113636, 0.0113636, 0.0113636, 0.0113636, 0.0113636, 0.0113636, 0.0113636, 0.0113636, 0.0113636, 0.0113636, 0.0113636, 0.0113636, 0.0113636, 0.0113636, 0.0113636, 0.0113636, 0.0113636, 0.0113636, 0.0113636, 0.0113636, 0.0113636, 0.0113636, 0.0113636, 0.0113636, 0.0113636, 0.0113636, 0.0113636, 0.0113636]",0.5
8,0.3169,GS,58,"[0.5, 0.340909, 0.0113636, 0.0113636, 0.0113636, 0.0113636, 0.0113636, 0.0113636, 0.0113636, 0.0113636, 0.0113636, 0.0113636, 0.0113636, 0.0113636, 0.0113636, 0.0113636, 0.0113636, 0.0113636, 0.0113636, 0.0113636, 0.0113636, 0.0113636, 0.0113636, 0.0113636, 0.0113636, 0.0113636, 0.0113636, 0.0113636, 0.0113636, 0.0113636, 0.0113636, 0.0113636, 0.0113636, 0.0113636, 0.0113636, 0.0113636, 0.0113636, 0.0113636, 0.0113636, 0.0113636, 0.0113636, 0.0113636, 0.0113636, 0.0113636, 0.0113636, 0.0113636, 0.0113636, 0.0113636, 0.0113636, 0.0113636, 0.0113636, 0.0113636, 0.0113636, 0.0113636, 0.0113636, 0.0113636, 0.0113636, 0.0113636, 0.0113636, 0.0113636]",0.5
9,0.3236,GS,58,"[0.5, 0.340909, 0.0113636, 0.0113636, 0.0113636, 0.0113636, 0.0113636, 0.0113636, 0.0113636, 0.0113636, 0.0113636, 0.0113636, 0.0113636, 0.0113636, 0.0113636, 0.0113636, 0.0113636, 0.0113636, 0.0113636, 0.0113636, 0.0113636, 0.0113636, 0.0113636, 0.0113636, 0.0113636, 0.0113636, 0.0113636, 0.0113636, 0.0113636, 0.0113636, 0.0113636, 0.0113636, 0.0113636, 0.0113636, 0.0113636, 0.0113636, 0.0113636, 0.0113636, 0.0113636, 0.0113636, 0.0113636, 0.0113636, 0.0113636, 0.0113636, 0.0113636, 0.0113636, 0.0113636, 0.0113636, 0.0113636, 0.0113636, 0.0113636, 0.0113636, 0.0113636, 0.0113636, 0.0113636, 0.0113636, 0.0113636, 0.0113636, 0.0113636, 0.0113636]",0.5
0,0.6267,GS,68,"[0.5, 0.339806, 0.00970874, 0.00970874, 0.00970874, 0.00970874, 0.00970874, 0.00970874, 0.00970874, 0.00970874, 0.00970874, 0.00970874, 0.00970874, 0.00970874, 0.00970874, 0.00970874, 0.00970874, 0.00970874, 0.00970874, 0.00970874, 0.00970874, 0.00970874, 0.00970874, 0.00970874, 0.00970874, 0.00970874, 0.00970874, 0.00970874, 0.00970874, 0.00970874, 0.00970874, 0.00970874, 0.00970874, 0.00970874, 0.00970874, 0.00970874, 0.00970874, 0.00970874, 0.00970874, 0.00970874, 0.00970874, 0.00970874, 0.00970874, 0.00970874, 0.00970874, 0.00970874, 0.00970874, 0.00970874, 0.00970874, 0.00970874, 0.00970874, 0.00970874, 0.00970874, 0.00970874, 0.00970874, 0.00970874, 0.00970874, 0.00970874, 0.00970874, 0.00970874, 0.00970874, 0.00970874, 0.00970874, 0.00970874, 0.00970874, 0.00970874, 0.00970874, 0.00970874, 0.00970874, 0.00970874]",0.5
1,0.4445,GS,68,"[0.5, 0.339806, 0.00970874, 0.00970874, 0.00970874, 0.00970874, 0.00970874, 0.00970874, 0.00970874, 0.00970874, 0.00970874, 0.00970874, 0.00970874, 0.00970874, 0.00970874, 0.00970874, 0.00970874, 0.00970874, 0.00970874, 0.00970874, 0.00970874, 0.00970874, 0.00970874, 0.00970874, 0.00970874, 0.00970874, 0.00970874, 0.00970874, 0.00970874, 0.00970874, 0.00970874, 0.00970874, 0.00970874, 0.00970874, 0.00970874, 0.00970874, 0.00970874, 0.00970874, 0.00970874, 0.00970874, 0.00970874, 0.00970874, 0.00970874, 0.00970874, 0.00970874, 0.00970874, 0.00970874, 0.00970874, 0.00970874, 0.00970874, 0.00970874, 0.00970874, 0.00970874, 0.00970874, 0.00970874, 0.00970874, 0.00970874, 0.00970874, 0.00970874, 0.00970874, 0.00970874, 0.00970874, 0.00970874, 0.00970874, 0.00970874, 0.00970874, 0.00970874, 0.00970874, 0.00970874, 0.00970874]",0.5
2,0.7604,GS,68,"[0.5, 0.339806, 0.00970874, 0.00970874, 0.00970874, 0.00970874, 0.00970874, 0.00970874, 0.00970874, 0.00970874, 0.00970874, 0.00970874, 0.00970874, 0.00970874, 0.00970874, 0.00970874, 0.00970874, 0.00970874, 0.00970874, 0.00970874, 0.00970874, 0.00970874, 0.00970874, 0.00970874, 0.00970874, 0.00970874, 0.00970874, 0.00970874, 0.00970874, 0.00970874, 0.00970874, 0.00970874, 0.00970874, 0.00970874, 0.00970874, 0.00970874, 0.00970874, 0.00970874, 0.00970874, 0.00970874, 0.00970874, 0.00970874, 0.00970874, 0.00970874, 0.00970874, 0.00970874, 0.00970874, 0.00970874, 0.00970874, 0.00970874, 0.00970874, 0.00970874, 0.00970874, 0.00970874, 0.00970874, 0.00970874, 0.00970874, 0.00970874, 0.00970874, 0.00970874, 0.00970874, 0.00970874, 0.00970874, 0.00970874, 0.00970874, 0.00970874, 0.00970874, 0.00970874, 0.00970874, 0.00970874]",0.5
3,0.4434,GS,68,"[0.5, 0.339806, 0.00970874, 0.00970874, 0.00970874, 0.00970874, 0.00970874, 0.00970874, 0.00970874, 0.00970874, 0.00970874, 0.00970874, 0.00970874, 0.00970874, 0.00970874, 0.00970874, 0.00970874, 0.00970874, 0.00970874, 0.00970874, 0.00970874, 0.00970874, 0.00970874, 0.00970874, 0.00970874, 0.00970874, 0.00970874, 0.00970874, 0.00970874, 0.00970874, 0.00970874, 0.00970874, 0.00970874, 0.00970874, 0.00970874, 0.00970874, 0.00970874, 0.00970874, 0.00970874, 0.00970874, 0.00970874, 0.00970874, 0.00970874, 0.00970874, 0.00970874, 0.00970874, 0.00970874, 0.00970874, 0.00970874, 0.00970874, 0.00970874, 0.00970874, 0.00970874, 0.00970874, 0.00970874, 0.00970874, 0.00970874, 0.00970874, 0.00970874, 0.00970874, 0.00970874, 0.00970874, 0.00970874, 0.00970874, 0.00970874, 0.00970874, 0.00970874, 0.00970874, 0.00970874, 0.00970874]",0.5
4,0.8816,GS,68,"[0.5, 0.339806, 0.00970874, 0.00970874, 0.00970874, 0.00970874, 0.00970874, 0.00970874, 0.00970874, 0.00970874, 0.00970874, 0.00970874, 0.00970874, 0.00970874, 0.00970874, 0.00970874, 0.00970874, 0.00970874, 0.00970874, 0.00970874, 0.00970874, 0.00970874, 0.00970874, 0.00970874, 0.00970874, 0.00970874, 0.00970874, 0.00970874, 0.00970874, 0.00970874, 0.00970874, 0.00970874, 0.00970874, 0.00970874, 0.00970874, 0.00970874, 0.00970874, 0.00970874, 0.00970874, 0.00970874, 0.00970874, 0.00970874, 0.00970874, 0.00970874, 0.00970874, 0.00970874, 0.00970874, 0.00970874, 0.00970874, 0.00970874, 0.00970874, 0.00970874, 0.00970874, 0.00970874, 0.00970874, 0.00970874, 0.00970874, 0.00970874, 0.00970874, 0.00970874, 0.00970874, 0.00970874, 0.00970874, 0.00970874, 0.00970874, 0.00970874, 0.00970874, 0.00970874, 0.00970874, 0.00970874]",0.5
5,0.7018,GS,68,"[0.5, 0.339806, 0.00970874, 0.00970874, 0.00970874, 0.00970874, 0.00970874, 0.00970874, 0.00970874, 0.00970874, 0.00970874, 0.00970874, 0.00970874, 0.00970874, 0.00970874, 0.00970874, 0.00970874, 0.00970874, 0.00970874, 0.00970874, 0.00970874, 0.00970874, 0.00970874, 0.00970874, 0.00970874, 0.00970874, 0.00970874, 0.00970874, 0.00970874, 0.00970874, 0.00970874, 0.00970874, 0.00970874, 0.00970874, 0.00970874, 0.00970874, 0.00970874, 0.00970874, 0.00970874, 0.00970874, 0.00970874, 0.00970874, 0.00970874, 0.00970874, 0.00970874, 0.00970874, 0.00970874, 0.00970874, 0.00970874, 0.00970874, 0.00970874, 0.00970874, 0.00970874, 0.00970874, 0.00970874, 0.00970874, 0.00970874, 0.00970874, 0.00970874, 0.00970874, 0.00970874, 0.00970874, 0.00970874, 0.00970874, 0.00970874, 0.00970874, 0.00970874, 0.00970874, 0.00970874, 0.00970874]",0.5
6,0.5614,GS,68,"[0.5, 0.339806, 0.00970874, 0.00970874, 0.00970874, 0.00970874, 0.00970874, 0.00970874, 0.00970874, 0.00970874, 0.00970874, 0.00970874, 0.00970874, 0.00970874, 0.00970874, 0.00970874, 0.00970874, 0.00970874, 0.00970874, 0.00970874, 0.00970874, 0.00970874, 0.00970874, 0.00970874, 0.00970874, 0.00970874, 0.00970874, 0.00970874, 0.00970874, 0.00970874, 0.00970874, 0.00970874, 0.00970874, 0.00970874, 0.00970874, 0.00970874, 0.00970874, 0.00970874, 0.00970874, 0.00970874, 0.00970874, 0.00970874, 0.00970874, 0.00970874, 0.00970874, 0.00970874, 0.00970874, 0.00970874, 0.00970874, 0.00970874, 0.00970874, 0.00970874, 0.00970874, 0.00970874, 0.00970874, 0.00970874, 0.00970874, 0.00970874, 0.00970874, 0.00970874, 0.00970874, 0.00970874, 0.00970874, 0.00970874, 0.00970874, 0.00970874, 0.00970874, 0.00970874, 0.00970874, 0.00970874]",0.5
7,0.4523,GS,68,"[0.5, 0.339806, 0.00970874, 0.00970874, 0.00970874, 0.00970874, 0.00970874, 0.00970874, 0.00970874, 0.00970874, 0.00970874, 0.00970874, 0.00970874, 0.00970874, 0.00970874, 0.00970874, 0.00970874, 0.00970874, 0.00970874, 0.00970874, 0.00970874, 0.00970874, 0.00970874, 0.00970874, 0.00970874, 0.00970874, 0.00970874, 0.00970874, 0.00970874, 0.00970874, 0.00970874, 0.00970874, 0.00970874, 0.00970874, 0.00970874, 0.00970874, 0.00970874, 0.00970874, 0.00970874, 0.00970874, 0.00970874, 0.00970874, 0.00970874, 0.00970874, 0.00970874, 0.00970874, 0.00970874, 0.00970874, 0.00970874, 0.00970874, 0.00970874, 0.00970874, 0.00970874, 0.00970874, 0.00970874, 0.00970874, 0.00970874, 0.00970874, 0.00970874, 0.00970874, 0.00970874, 0.00970874, 0.00970874, 0.00970874, 0.00970874, 0.00970874, 0.00970874, 0.00970874, 0.00970874, 0.00970874]",0.5
8,0.4446,GS,68,"[0.5, 0.339806, 0.00970874, 0.00970874, 0.00970874, 0.00970874, 0.00970874, 0.00970874, 0.00970874, 0.00970874, 0.00970874, 0.00970874, 0.00970874, 0.00970874, 0.00970874, 0.00970874, 0.00970874, 0.00970874, 0.00970874, 0.00970874, 0.00970874, 0.00970874, 0.00970874, 0.00970874, 0.00970874, 0.00970874, 0.00970874, 0.00970874, 0.00970874, 0.00970874, 0.00970874, 0.00970874, 0.00970874, 0.00970874, 0.00970874, 0.00970874, 0.00970874, 0.00970874, 0.00970874, 0.00970874, 0.00970874, 0.00970874, 0.00970874, 0.00970874, 0.00970874, 0.00970874, 0.00970874, 0.00970874, 0.00970874, 0.00970874, 0.00970874, 0.00970874, 0.00970874, 0.00970874, 0.00970874, 0.00970874, 0.00970874, 0.00970874, 0.00970874, 0.00970874, 0.00970874, 0.00970874, 0.00970874, 0.00970874, 0.00970874, 0.00970874, 0.00970874, 0.00970874, 0.00970874, 0.00970874]",0.5
9,0.6795,GS,68,"[0.5, 0.339806, 0.00970874, 0.00970874, 0.00970874, 0.00970874, 0.00970874, 0.00970874, 0.00970874, 0.00970874, 0.00970874, 0.00970874, 0.00970874, 0.00970874, 0.00970874, 0.00970874, 0.00970874, 0.00970874, 0.00970874, 0.00970874, 0.00970874, 0.00970874, 0.00970874, 0.00970874, 0.00970874, 0.00970874, 0.00970874, 0.00970874, 0.00970874, 0.00970874, 0.00970874, 0.00970874, 0.00970874, 0.00970874, 0.00970874, 0.00970874, 0.00970874, 0.00970874, 0.00970874, 0.00970874, 0.00970874, 0.00970874, 0.00970874, 0.00970874, 0.00970874, 0.00970874, 0.00970874, 0.00970874, 0.00970874, 0.00970874, 0.00970874, 0.00970874, 0.00970874, 0.00970874, 0.00970874, 0.00970874, 0.00970874, 0.00970874, 0.00970874, 0.00970874, 0.00970874, 0.00970874, 0.00970874, 0.00970874, 0.00970874, 0.00970874, 0.00970874, 0.00970874, 0.00970874, 0.00970874]",0.5
0,1.0217,GS,78,"[0.5, 0.338983, 0.00847458, 0.00847458, 0.00847458, 0.00847458, 0.00847458, 0.00847458, 0.00847458, 0.00847458, 0.00847458, 0.00847458, 0.00847458, 0.00847458, 0.00847458, 0.00847458, 0.00847458, 0.00847458, 0.00847458, 0.00847458, 0.00847458, 0.00847458, 0.00847458, 0.00847458, 0.00847458, 0.00847458, 0.00847458, 0.00847458, 0.00847458, 0.00847458, 0.00847458, 0.00847458, 0.00847458, 0.00847458, 0.00847458, 0.00847458, 0.00847458, 0.00847458, 0.00847458, 0.00847458, 0.00847458, 0.00847458, 0.00847458, 0.00847458, 0.00847458, 0.00847458, 0.00847458, 0.00847458, 0.00847458, 0.00847458, 0.00847458, 0.00847458, 0.00847458, 0.00847458, 0.00847458, 0.00847458, 0.00847458, 0.00847458, 0.00847458, 0.00847458, 0.00847458, 0.00847458, 0.00847458, 0.00847458, 0.00847458, 0.00847458, 0.00847458, 0.00847458, 0.00847458, 0.00847458, 0.00847458, 0.00847458, 0.00847458, 0.00847458, 0.00847458, 0.00847458, 0.00847458, 0.00847458, 0.00847458, 0.00847458]",0.5
1,0.6577,GS,78,"[0.5, 0.338983, 0.00847458, 0.00847458, 0.00847458, 0.00847458, 0.00847458, 0.00847458, 0.00847458, 0.00847458, 0.00847458, 0.00847458, 0.00847458, 0.00847458, 0.00847458, 0.00847458, 0.00847458, 0.00847458, 0.00847458, 0.00847458, 0.00847458, 0.00847458, 0.00847458, 0.00847458, 0.00847458, 0.00847458, 0.00847458, 0.00847458, 0.00847458, 0.00847458, 0.00847458, 0.00847458, 0.00847458, 0.00847458, 0.00847458, 0.00847458, 0.00847458, 0.00847458, 0.00847458, 0.00847458, 0.00847458, 0.00847458, 0.00847458, 0.00847458, 0.00847458, 0.00847458, 0.00847458, 0.00847458, 0.00847458, 0.00847458, 0.00847458, 0.00847458, 0.00847458, 0.00847458, 0.00847458, 0.00847458, 0.00847458, 0.00847458, 0.00847458, 0.00847458, 0.00847458, 0.00847458, 0.00847458, 0.00847458, 0.00847458, 0.00847458, 0.00847458, 0.00847458, 0.00847458, 0.00847458, 0.00847458, 0.00847458, 0.00847458, 0.00847458, 0.00847458, 0.00847458, 0.00847458, 0.00847458, 0.00847458, 0.00847458]",0.5
2,0.6673,GS,78,"[0.5, 0.338983, 0.00847458, 0.00847458, 0.00847458, 0.00847458, 0.00847458, 0.00847458, 0.00847458, 0.00847458, 0.00847458, 0.00847458, 0.00847458, 0.00847458, 0.00847458, 0.00847458, 0.00847458, 0.00847458, 0.00847458, 0.00847458, 0.00847458, 0.00847458, 0.00847458, 0.00847458, 0.00847458, 0.00847458, 0.00847458, 0.00847458, 0.00847458, 0.00847458, 0.00847458, 0.00847458, 0.00847458, 0.00847458, 0.00847458, 0.00847458, 0.00847458, 0.00847458, 0.00847458, 0.00847458, 0.00847458, 0.00847458, 0.00847458, 0.00847458, 0.00847458, 0.00847458, 0.00847458, 0.00847458, 0.00847458, 0.00847458, 0.00847458, 0.00847458, 0.00847458, 0.00847458, 0.00847458, 0.00847458, 0.00847458, 0.00847458, 0.00847458, 0.00847458, 0.00847458, 0.00847458, 0.00847458, 0.00847458, 0.00847458, 0.00847458, 0.00847458, 0.00847458, 0.00847458, 0.00847458, 0.00847458, 0.00847458, 0.00847458, 0.00847458, 0.00847458, 0.00847458, 0.00847458, 0.00847458, 0.00847458, 0.00847458]",0.5
3,0.7216,GS,78,"[0.5, 0.338983, 0.00847458, 0.00847458, 0.00847458, 0.00847458, 0.00847458, 0.00847458, 0.00847458, 0.00847458, 0.00847458, 0.00847458, 0.00847458, 0.00847458, 0.00847458, 0.00847458, 0.00847458, 0.00847458, 0.00847458, 0.00847458, 0.00847458, 0.00847458, 0.00847458, 0.00847458, 0.00847458, 0.00847458, 0.00847458, 0.00847458, 0.00847458, 0.00847458, 0.00847458, 0.00847458, 0.00847458, 0.00847458, 0.00847458, 0.00847458, 0.00847458, 0.00847458, 0.00847458, 0.00847458, 0.00847458, 0.00847458, 0.00847458, 0.00847458, 0.00847458, 0.00847458, 0.00847458, 0.00847458, 0.00847458, 0.00847458, 0.00847458, 0.00847458, 0.00847458, 0.00847458, 0.00847458, 0.00847458, 0.00847458, 0.00847458, 0.00847458, 0.00847458, 0.00847458, 0.00847458, 0.00847458, 0.00847458, 0.00847458, 0.00847458, 0.00847458, 0.00847458, 0.00847458, 0.00847458, 0.00847458, 0.00847458, 0.00847458, 0.00847458, 0.00847458, 0.00847458, 0.00847458, 0.00847458, 0.00847458, 0.00847458]",0.5
4,0.6166,GS,78,"[0.5, 0.338983, 0.00847458, 0.00847458, 0.00847458, 0.00847458, 0.00847458, 0.00847458, 0.00847458, 0.00847458, 0.00847458, 0.00847458, 0.00847458, 0.00847458, 0.00847458, 0.00847458, 0.00847458, 0.00847458, 0.00847458, 0.00847458, 0.00847458, 0.00847458, 0.00847458, 0.00847458, 0.00847458, 0.00847458, 0.00847458, 0.00847458, 0.00847458, 0.00847458, 0.00847458, 0.00847458, 0.00847458, 0.00847458, 0.00847458, 0.00847458, 0.00847458, 0.00847458, 0.00847458, 0.00847458, 0.00847458, 0.00847458, 0.00847458, 0.00847458, 0.00847458, 0.00847458, 0.00847458, 0.00847458, 0.00847458, 0.00847458, 0.00847458, 0.00847458, 0.00847458, 0.00847458, 0.00847458, 0.00847458, 0.00847458, 0.00847458, 0.00847458, 0.00847458, 0.00847458, 0.00847458, 0.00847458, 0.00847458, 0.00847458, 0.00847458, 0.00847458, 0.00847458, 0.00847458, 0.00847458, 0.00847458, 0.00847458, 0.00847458, 0.00847458, 0.00847458, 0.00847458, 0.00847458, 0.00847458, 0.00847458, 0.00847458]",0.5
5,1.0039,GS,78,"[0.5, 0.338983, 0.00847458, 0.00847458, 0.00847458, 0.00847458, 0.00847458, 0.00847458, 0.00847458, 0.00847458, 0.00847458, 0.00847458, 0.00847458, 0.00847458, 0.00847458, 0.00847458, 0.00847458, 0.00847458, 0.00847458, 0.00847458, 0.00847458, 0.00847458, 0.00847458, 0.00847458, 0.00847458, 0.00847458, 0.00847458, 0.00847458, 0.00847458, 0.00847458, 0.00847458, 0.00847458, 0.00847458, 0.00847458, 0.00847458, 0.00847458, 0.00847458, 0.00847458, 0.00847458, 0.00847458, 0.00847458, 0.00847458, 0.00847458, 0.00847458, 0.00847458, 0.00847458, 0.00847458, 0.00847458, 0.00847458, 0.00847458, 0.00847458, 0.00847458, 0.00847458, 0.00847458, 0.00847458, 0.00847458, 0.00847458, 0.00847458, 0.00847458, 0.00847458, 0.00847458, 0.00847458, 0.00847458, 0.00847458, 0.00847458, 0.00847458, 0.00847458, 0.00847458, 0.00847458, 0.00847458, 0.00847458, 0.00847458, 0.00847458, 0.00847458, 0.00847458, 0.00847458, 0.00847458, 0.00847458, 0.00847458, 0.00847458]",0.5
6,0.8999,GS,78,"[0.5, 0.338983, 0.00847458, 0.00847458, 0.00847458, 0.00847458, 0.00847458, 0.00847458, 0.00847458, 0.00847458, 0.00847458, 0.00847458, 0.00847458, 0.00847458, 0.00847458, 0.00847458, 0.00847458, 0.00847458, 0.00847458, 0.00847458, 0.00847458, 0.00847458, 0.00847458, 0.00847458, 0.00847458, 0.00847458, 0.00847458, 0.00847458, 0.00847458, 0.00847458, 0.00847458, 0.00847458, 0.00847458, 0.00847458, 0.00847458, 0.00847458, 0.00847458, 0.00847458, 0.00847458, 0.00847458, 0.00847458, 0.00847458, 0.00847458, 0.00847458, 0.00847458, 0.00847458, 0.00847458, 0.00847458, 0.00847458, 0.00847458, 0.00847458, 0.00847458, 0.00847458, 0.00847458, 0.00847458, 0.00847458, 0.00847458, 0.00847458, 0.00847458, 0.00847458, 0.00847458, 0.00847458, 0.00847458, 0.00847458, 0.00847458, 0.00847458, 0.00847458, 0.00847458, 0.00847458, 0.00847458, 0.00847458, 0.00847458, 0.00847458, 0.00847458, 0.00847458, 0.00847458, 0.00847458, 0.00847458, 0.00847458, 0.00847458]",0.5
7,0.9083,GS,78,"[0.5, 0.338983, 0.00847458, 0.00847458, 0.00847458, 0.00847458, 0.00847458, 0.00847458, 0.00847458, 0.00847458, 0.00847458, 0.00847458, 0.00847458, 0.00847458, 0.00847458, 0.00847458, 0.00847458, 0.00847458, 0.00847458, 0.00847458, 0.00847458, 0.00847458, 0.00847458, 0.00847458, 0.00847458, 0.00847458, 0.00847458, 0.00847458, 0.00847458, 0.00847458, 0.00847458, 0.00847458, 0.00847458, 0.00847458, 0.00847458, 0.00847458, 0.00847458, 0.00847458, 0.00847458, 0.00847458, 0.00847458, 0.00847458, 0.00847458, 0.00847458, 0.00847458, 0.00847458, 0.00847458, 0.00847458, 0.00847458, 0.00847458, 0.00847458, 0.00847458, 0.00847458, 0.00847458, 0.00847458, 0.00847458, 0.00847458, 0.00847458, 0.00847458, 0.00847458, 0.00847458, 0.00847458, 0.00847458, 0.00847458, 0.00847458, 0.00847458, 0.00847458, 0.00847458, 0.00847458, 0.00847458, 0.00847458, 0.00847458, 0.00847458, 0.00847458, 0.00847458, 0.00847458, 0.00847458, 0.00847458, 0.00847458, 0.00847458]",0.5
8,0.8123,GS,78,"[0.5, 0.338983, 0.00847458, 0.00847458, 0.00847458, 0.00847458, 0.00847458, 0.00847458, 0.00847458, 0.00847458, 0.00847458, 0.00847458, 0.00847458, 0.00847458, 0.00847458, 0.00847458, 0.00847458, 0.00847458, 0.00847458, 0.00847458, 0.00847458, 0.00847458, 0.00847458, 0.00847458, 0.00847458, 0.00847458, 0.00847458, 0.00847458, 0.00847458, 0.00847458, 0.00847458, 0.00847458, 0.00847458, 0.00847458, 0.00847458, 0.00847458, 0.00847458, 0.00847458, 0.00847458, 0.00847458, 0.00847458, 0.00847458, 0.00847458, 0.00847458, 0.00847458, 0.00847458, 0.00847458, 0.00847458, 0.00847458, 0.00847458, 0.00847458, 0.00847458, 0.00847458, 0.00847458, 0.00847458, 0.00847458, 0.00847458, 0.00847458, 0.00847458, 0.00847458, 0.00847458, 0.00847458, 0.00847458, 0.00847458, 0.00847458, 0.00847458, 0.00847458, 0.00847458, 0.00847458, 0.00847458, 0.00847458, 0.00847458, 0.00847458, 0.00847458, 0.00847458, 0.00847458, 0.00847458, 0.00847458, 0.00847458, 0.00847458]",0.5
9,0.7664,GS,78,"[0.5, 0.338983, 0.00847458, 0.00847458, 0.00847458, 0.00847458, 0.00847458, 0.00847458, 0.00847458, 0.00847458, 0.00847458, 0.00847458, 0.00847458, 0.00847458, 0.00847458, 0.00847458, 0.00847458, 0.00847458, 0.00847458, 0.00847458, 0.00847458, 0.00847458, 0.00847458, 0.00847458, 0.00847458, 0.00847458, 0.00847458, 0.00847458, 0.00847458, 0.00847458, 0.00847458, 0.00847458, 0.00847458, 0.00847458, 0.00847458, 0.00847458, 0.00847458, 0.00847458, 0.00847458, 0.00847458, 0.00847458, 0.00847458, 0.00847458, 0.00847458, 0.00847458, 0.00847458, 0.00847458, 0.00847458, 0.00847458, 0.00847458, 0.00847458, 0.00847458, 0.00847458, 0.00847458, 0.00847458, 0.00847458, 0.00847458, 0.00847458, 0.00847458, 0.00847458, 0.00847458, 0.00847458, 0.00847458, 0.00847458, 0.00847458, 0.00847458, 0.00847458, 0.00847458, 0.00847458, 0.00847458, 0.00847458, 0.00847458, 0.00847458, 0.00847458, 0.00847458, 0.00847458, 0.00847458, 0.00847458, 0.00847458, 0.00847458]",0.5
0,0.0219,GS,8,"[0.5, 0.384615, 0.0769231, 0.0769231, 0.0769231, 0.0769231, 0.0769231, 0.0769231, 0.0769231, 0.0769231]",0.5
1,0.0282,GS,8,"[0.5, 0.384615, 0.0769231, 0.0769231, 0.0769231, 0.0769231, 0.0769231, 0.0769231, 0.0769231, 0.0769231]",0.5
2,0.0568,GS,8,"[0.5, 0.384615, 0.0769231, 0.0769231, 0.0769231, 0.0769231, 0.0769231, 0.0769231, 0.0769231, 0.0769231]",0.5
3,0.0318,GS,8,"[0.5, 0.384615, 0.0769231, 0.0769231, 0.0769231, 0.0769231, 0.0769231, 0.0769231, 0.0769231, 0.0769231]",0.5
4,0.0316,GS,8,"[0.5, 0.384615, 0.0769231, 0.0769231, 0.0769231, 0.0769231, 0.0769231, 0.0769231, 0.0769231, 0.0769231]",0.5
5,0.0205,GS,8,"[0.5, 0.384615, 0.0769231, 0.0769231, 0.0769231, 0.0769231, 0.0769231, 0.0769231, 0.0769231, 0.0769231]",0.5
6,0.0296,GS,8,"[0.5, 0.384615, 0.0769231, 0.0769231, 0.0769231, 0.0769231, 0.0769231, 0.0769231, 0.0769231, 0.0769231]",0.5
7,0.0201,GS,8,"[0.5, 0.384615, 0.0769231, 0.0769231, 0.0769231, 0.0769231, 0.0769231, 0.0769231, 0.0769231, 0.0769231]",0.5
8,0.0205,GS,8,"[0.5, 0.384615, 0.0769231, 0.0769231, 0.0769231, 0.0769231, 0.0769231, 0.0769231, 0.0769231, 0.0769231]",0.5
9,0.0208,GS,8,"[0.5, 0.384615, 0.0769231, 0.0769231, 0.0769231, 0.0769231, 0.0769231, 0.0769231, 0.0769231, 0.0769231]",0.5
0,0.8319,GS,88,"[0.5, 0.338346, 0.0075188, 0.0075188, 0.0075188, 0.0075188, 0.0075188, 0.0075188, 0.0075188, 0.0075188, 0.0075188, 0.0075188, 0.0075188, 0.0075188, 0.0075188, 0.0075188, 0.0075188, 0.0075188, 0.0075188, 0.0075188, 0.0075188, 0.0075188, 0.0075188, 0.0075188, 0.0075188, 0.0075188, 0.0075188, 0.0075188, 0.0075188, 0.0075188, 0.0075188, 0.0075188, 0.0075188, 0.0075188, 0.0075188, 0.0075188, 0.0075188, 0.0075188, 0.0075188, 0.0075188, 0.0075188, 0.0075188, 0.0075188, 0.0075188, 0.0075188, 0.0075188, 0.0075188, 0.0075188, 0.0075188, 0.0075188, 0.0075188, 0.0075188, 0.0075188, 0.0075188, 0.0075188, 0.0075188, 0.0075188, 0.0075188, 0.0075188, 0.0075188, 0.0075188, 0.0075188, 0.0075188, 0.0075188, 0.0075188, 0.0075188, 0.0075188, 0.0075188, 0.0075188, 0.0075188, 0.0075188, 0.0075188, 0.0075188, 0.0075188, 0.0075188, 0.0075188, 0.0075188, 0.0075188, 0.0075188, 0.0075188, 0.0075188, 0.0075188, 0.0075188, 0.0075188, 0.0075188, 0.0075188, 0.0075188, 0.0075188, 0.0075188, 0.0075188]",0.5
1,1.9712,GS,88,"[0.5, 0.338346, 0.0075188, 0.0075188, 0.0075188, 0.0075188, 0.0075188, 0.0075188, 0.0075188, 0.0075188, 0.0075188, 0.0075188, 0.0075188, 0.0075188, 0.0075188, 0.0075188, 0.0075188, 0.0075188, 0.0075188, 0.0075188, 0.0075188, 0.0075188, 0.0075188, 0.0075188, 0.0075188, 0.0075188, 0.0075188, 0.0075188, 0.0075188, 0.0075188, 0.0075188, 0.0075188, 0.0075188, 0.0075188, 0.0075188, 0.0075188, 0.0075188, 0.0075188, 0.0075188, 0.0075188, 0.0075188, 0.0075188, 0.0075188, 0.0075188, 0.0075188, 0.0075188, 0.0075188, 0.0075188, 0.0075188, 0.0075188, 0.0075188, 0.0075188, 0.0075188, 0.0075188, 0.0075188, 0.0075188, 0.0075188, 0.0075188, 0.0075188, 0.0075188, 0.0075188, 0.0075188, 0.0075188, 0.0075188, 0.0075188, 0.0075188, 0.0075188, 0.0075188, 0.0075188, 0.0075188, 0.0075188, 0.0075188, 0.0075188, 0.0075188, 0.0075188, 0.0075188, 0.0075188, 0.0075188, 0.0075188, 0.0075188, 0.0075188, 0.0075188, 0.0075188, 0.0075188, 0.0075188, 0.0075188, 0.0075188, 0.0075188, 0.0075188, 0.0075188]",0.5
2,0.8232,GS,88,"[0.5, 0.338346, 0.0075188, 0.0075188, 0.0075188, 0.0075188, 0.0075188, 0.0075188, 0.0075188, 0.0075188, 0.0075188, 0.0075188, 0.0075188, 0.0075188, 0.0075188, 0.0075188, 0.0075188, 0.0075188, 0.0075188, 0.0075188, 0.0075188, 0.0075188, 0.0075188, 0.0075188, 0.0075188, 0.0075188, 0.0075188, 0.0075188, 0.0075188, 0.0075188, 0.0075188, 0.0075188, 0.0075188, 0.0075188, 0.0075188, 0.0075188, 0.0075188, 0.0075188, 0.0075188, 0.0075188, 0.0075188, 0.0075188, 0.0075188, 0.0075188, 0.0075188, 0.0075188, 0.0075188, 0.0075188, 0.0075188, 0.0075188, 0.0075188, 0.0075188, 0.0075188, 0.0075188, 0.0075188, 0.0075188, 0.0075188, 0.0075188, 0.0075188, 0.0075188, 0.0075188, 0.0075188, 0.0075188, 0.0075188, 0.0075188, 0.0075188, 0.0075188, 0.0075188, 0.0075188, 0.0075188, 0.0075188, 0.0075188, 0.0075188, 0.0075188, 0.0075188, 0.0075188, 0.0075188, 0.0075188, 0.0075188, 0.0075188, 0.0075188, 0.0075188, 0.0075188, 0.0075188, 0.0075188, 0.0075188, 0.0075188, 0.0075188, 0.0075188, 0.0075188]",0.5
3,0.8146,GS,88,"[0.5, 0.338346, 0.0075188, 0.0075188, 0.0075188, 0.0075188, 0.0075188, 0.0075188, 0.0075188, 0.0075188, 0.0075188, 0.0075188, 0.0075188, 0.0075188, 0.0075188, 0.0075188, 0.0075188, 0.0075188, 0.0075188, 0.0075188, 0.0075188, 0.0075188, 0.0075188, 0.0075188, 0.0075188, 0.0075188, 0.0075188, 0.0075188, 0.0075188, 0.0075188, 0.0075188, 0.0075188, 0.0075188, 0.0075188, 0.0075188, 0.0075188, 0.0075188, 0.0075188, 0.0075188, 0.0075188, 0.0075188, 0.0075188, 0.0075188, 0.0075188, 0.0075188, 0.0075188, 0.0075188, 0.0075188, 0.0075188, 0.0075188, 0.0075188, 0.0075188, 0.0075188, 0.0075188, 0.0075188, 0.0075188, 0.0075188, 0.0075188, 0.0075188, 0.0075188, 0.0075188, 0.0075188, 0.0075188, 0.0075188, 0.0075188, 0.0075188, 0.0075188, 0.0075188, 0.0075188, 0.0075188, 0.0075188, 0.0075188, 0.0075188, 0.0075188, 0.0075188, 0.0075188, 0.0075188, 0.0075188, 0.0075188, 0.0075188, 0.0075188, 0.0075188, 0.0075188, 0.0075188, 0.0075188, 0.0075188, 0.0075188, 0.0075188, 0.0075188, 0.0075188]",0.5
4,0.8147,GS,88,"[0.5, 0.338346, 0.0075188, 0.0075188, 0.0075188, 0.0075188, 0.0075188, 0.0075188, 0.0075188, 0.0075188, 0.0075188, 0.0075188, 0.0075188, 0.0075188, 0.0075188, 0.0075188, 0.0075188, 0.0075188, 0.0075188, 0.0075188, 0.0075188, 0.0075188, 0.0075188, 0.0075188, 0.0075188, 0.0075188, 0.0075188, 0.0075188, 0.0075188, 0.0075188, 0.0075188, 0.0075188, 0.0075188, 0.0075188, 0.0075188, 0.0075188, 0.0075188, 0.0075188, 0.0075188, 0.0075188, 0.0075188, 0.0075188, 0.0075188, 0.0075188, 0.0075188, 0.0075188, 0.0075188, 0.0075188, 0.0075188, 0.0075188, 0.0075188, 0.0075188, 0.0075188, 0.0075188, 0.0075188, 0.0075188, 0.0075188, 0.0075188, 0.0075188, 0.0075188, 0.0075188, 0.0075188, 0.0075188, 0.0075188, 0.0075188, 0.0075188, 0.0075188, 0.0075188, 0.0075188, 0.0075188, 0.0075188, 0.0075188, 0.0075188, 0.0075188, 0.0075188, 0.0075188, 0.0075188, 0.0075188, 0.0075188, 0.0075188, 0.0075188, 0.0075188, 0.0075188, 0.0075188, 0.0075188, 0.0075188, 0.0075188, 0.0075188, 0.0075188, 0.0075188]",0.5
5,0.8127,GS,88,"[0.5, 0.338346, 0.0075188, 0.0075188, 0.0075188, 0.0075188, 0.0075188, 0.0075188, 0.0075188, 0.0075188, 0.0075188, 0.0075188, 0.0075188, 0.0075188, 0.0075188, 0.0075188, 0.0075188, 0.0075188, 0.0075188, 0.0075188, 0.0075188, 0.0075188, 0.0075188, 0.0075188, 0.0075188, 0.0075188, 0.0075188, 0.0075188, 0.0075188, 0.0075188, 0.0075188, 0.0075188, 0.0075188, 0.0075188, 0.0075188, 0.0075188, 0.0075188, 0.0075188, 0.0075188, 0.0075188, 0.0075188, 0.0075188, 0.0075188, 0.0075188, 0.0075188, 0.0075188, 0.0075188, 0.0075188, 0.0075188, 0.0075188, 0.0075188, 0.0075188, 0.0075188, 0.0075188, 0.0075188, 0.0075188, 0.0075188, 0.0075188, 0.0075188, 0.0075188, 0.0075188, 0.0075188, 0.0075188, 0.0075188, 0.0075188, 0.0075188, 0.0075188, 0.0075188, 0.0075188, 0.0075188, 0.0075188, 0.0075188, 0.0075188, 0.0075188, 0.0075188, 0.0075188, 0.0075188, 0.0075188, 0.0075188, 0.0075188, 0.0075188, 0.0075188, 0.0075188, 0.0075188, 0.0075188, 0.0075188, 0.0075188, 0.0075188, 0.0075188, 0.0075188]",0.5
6,0.8628,GS,88,"[0.5, 0.338346, 0.0075188, 0.0075188, 0.0075188, 0.0075188, 0.0075188, 0.0075188, 0.0075188, 0.0075188, 0.0075188, 0.0075188, 0.0075188, 0.0075188, 0.0075188, 0.0075188, 0.0075188, 0.0075188, 0.0075188, 0.0075188, 0.0075188, 0.0075188, 0.0075188, 0.0075188, 0.0075188, 0.0075188, 0.0075188, 0.0075188, 0.0075188, 0.0075188, 0.0075188, 0.0075188, 0.0075188, 0.0075188, 0.0075188, 0.0075188, 0.0075188, 0.0075188, 0.0075188, 0.0075188, 0.0075188, 0.0075188, 0.0075188, 0.0075188, 0.0075188, 0.0075188, 0.0075188, 0.0075188, 0.0075188, 0.0075188, 0.0075188, 0.0075188, 0.0075188, 0.0075188, 0.0075188, 0.0075188, 0.0075188, 0.0075188, 0.0075188, 0.0075188, 0.0075188, 0.0075188, 0.0075188, 0.0075188, 0.0075188, 0.0075188, 0.0075188, 0.0075188, 0.0075188, 0.0075188, 0.0075188, 0.0075188, 0.0075188, 0.0075188, 0.0075188, 0.0075188, 0.0075188, 0.0075188, 0.0075188, 0.0075188, 0.0075188, 0.0075188, 0.0075188, 0.0075188, 0.0075188, 0.0075188, 0.0075188, 0.0075188, 0.0075188, 0.0075188]",0.5
7,0.8636,GS,88,"[0.5, 0.338346, 0.0075188, 0.0075188, 0.0075188, 0.0075188, 0.0075188, 0.0075188, 0.0075188, 0.0075188, 0.0075188, 0.0075188, 0.0075188, 0.0075188, 0.0075188, 0.0075188, 0.0075188, 0.0075188, 0.0075188, 0.0075188, 0.0075188, 0.0075188, 0.0075188, 0.0075188, 0.0075188, 0.0075188, 0.0075188, 0.0075188, 0.0075188, 0.0075188, 0.0075188, 0.0075188, 0.0075188, 0.0075188, 0.0075188, 0.0075188, 0.0075188, 0.0075188, 0.0075188, 0.0075188, 0.0075188, 0.0075188, 0.0075188, 0.0075188, 0.0075188, 0.0075188, 0.0075188, 0.0075188, 0.0075188, 0.0075188, 0.0075188, 0.0075188, 0.0075188, 0.0075188, 0.0075188, 0.0075188, 0.0075188, 0.0075188, 0.0075188, 0.0075188, 0.0075188, 0.0075188, 0.0075188, 0.0075188, 0.0075188, 0.0075188, 0.0075188, 0.0075188, 0.0075188, 0.0075188, 0.0075188, 0.0075188, 0.0075188, 0.0075188, 0.0075188, 0.0075188, 0.0075188, 0.0075188, 0.0075188, 0.0075188, 0.0075188, 0.0075188, 0.0075188, 0.0075188, 0.0075188, 0.0075188, 0.0075188, 0.0075188, 0.0075188, 0.0075188]",0.5
8,0.8484,GS,88,"[0.5, 0.338346, 0.0075188, 0.0075188, 0.0075188, 0.0075188, 0.0075188, 0.0075188, 0.0075188, 0.0075188, 0.0075188, 0.0075188, 0.0075188, 0.0075188, 0.0075188, 0.0075188, 0.0075188, 0.0075188, 0.0075188, 0.0075188, 0.0075188, 0.0075188, 0.0075188, 0.0075188, 0.0075188, 0.0075188, 0.0075188, 0.0075188, 0.0075188, 0.0075188, 0.0075188, 0.0075188, 0.0075188, 0.0075188, 0.0075188, 0.0075188, 0.0075188, 0.0075188, 0.0075188, 0.0075188, 0.0075188, 0.0075188, 0.0075188, 0.0075188, 0.0075188, 0.0075188, 0.0075188, 0.0075188, 0.0075188, 0.0075188, 0.0075188, 0.0075188, 0.0075188, 0.0075188, 0.0075188, 0.0075188, 0.0075188, 0.0075188, 0.0075188, 0.0075188, 0.0075188, 0.0075188, 0.0075188, 0.0075188, 0.0075188, 0.0075188, 0.0075188, 0.0075188, 0.0075188, 0.0075188, 0.0075188, 0.0075188, 0.0075188, 0.0075188, 0.0075188, 0.0075188, 0.0075188, 0.0075188, 0.0075188, 0.0075188, 0.0075188, 0.0075188, 0.0075188, 0.0075188, 0.0075188, 0.0075188, 0.0075188, 0.0075188, 0.0075188, 0.0075188]",0.5
9,0.8112,GS,88,"[0.5, 0.338346, 0.0075188, 0.0075188, 0.0075188, 0.0075188, 0.0075188, 0.0075188, 0.0075188, 0.0075188, 0.0075188, 0.0075188, 0.0075188, 0.0075188, 0.0075188, 0.0075188, 0.0075188, 0.0075188, 0.0075188, 0.0075188, 0.0075188, 0.0075188, 0.0075188, 0.0075188, 0.0075188, 0.0075188, 0.0075188, 0.0075188, 0.0075188, 0.0075188, 0.0075188, 0.0075188, 0.0075188, 0.0075188, 0.0075188, 0.0075188, 0.0075188, 0.0075188, 0.0075188, 0.0075188, 0.0075188, 0.0075188, 0.0075188, 0.0075188, 0.0075188, 0.0075188, 0.0075188, 0.0075188, 0.0075188, 0.0075188, 0.0075188, 0.0075188, 0.0075188, 0.0075188, 0.0075188, 0.0075188, 0.0075188, 0.0075188, 0.0075188, 0.0075188, 0.0075188, 0.0075188, 0.0075188, 0.0075188, 0.0075188, 0.0075188, 0.0075188, 0.0075188, 0.0075188, 0.0075188, 0.0075188, 0.0075188, 0.0075188, 0.0075188, 0.0075188, 0.0075188, 0.0075188, 0.0075188, 0.0075188, 0.0075188, 0.0075188, 0.0075188, 0.0075188, 0.0075188, 0.0075188, 0.0075188, 0.0075188, 0.0075188, 0.0075188, 0.0075188]",0.5
